{
    "encoder": "TF-IDF",
    "model": "Linear SVM",
    "accuracy": 0.9820627802690582,
    "precision": 0.9849624060150376,
    "recall": 0.8791946308724832,
    "f1_score": 0.9290780141843972
}
